p_stay,p_link,method,k,hit_rate,wasted_per_turn
0.6,0.3,on-demand,1,0,0.0
0.6,0.3,reactive-lru,1,0.629,0.0
0.6,0.3,topic,1,0.629,0.0
0.6,0.3,oracle,1,1,0.0
0.6,0.3,on-demand,2,0,0.0
0.6,0.3,reactive-lru,2,0.68,0.0
0.6,0.3,topic,2,0.789,0.215
0.6,0.3,oracle,2,1,0.0
0.6,0.3,on-demand,3,0,0.0
0.6,0.3,reactive-lru,3,0.706,0.0
0.6,0.3,topic,3,0.941,0.379
0.6,0.3,oracle,3,1,0.0
0.6,0.0,on-demand,1,0,0.0
0.6,0.0,reactive-lru,1,0.665,0.0
0.6,0.0,topic,1,0.665,0.0
0.6,0.0,oracle,1,1,0.0
0.6,0.0,on-demand,2,0,0.0
0.6,0.0,reactive-lru,2,0.7,0.0
0.6,0.0,topic,2,0.712,0.286
0.6,0.0,oracle,2,1,0.0
0.6,0.0,on-demand,3,0,0.0
0.6,0.0,reactive-lru,3,0.72,0.0
0.6,0.0,topic,3,0.762,0.506
0.6,0.0,oracle,3,1,0.0
0.3,0.6,on-demand,1,0,0.0
0.3,0.6,reactive-lru,1,0.33,0.0
0.3,0.6,topic,1,0.33,0.0
0.3,0.6,oracle,1,1,0.0
0.3,0.6,on-demand,2,0,0.0
0.3,0.6,reactive-lru,2,0.445,0.0
0.3,0.6,topic,2,0.639,0.311
0.3,0.6,oracle,2,1,0.0
0.3,0.6,on-demand,3,0,0.0
0.3,0.6,reactive-lru,3,0.527,0.0
0.3,0.6,topic,3,0.935,0.52
0.3,0.6,oracle,3,1,0.0
0.9,0.05,on-demand,1,0,0.0
0.9,0.05,reactive-lru,1,0.907,0.0
0.9,0.05,topic,1,0.907,0.0
0.9,0.05,oracle,1,1,0.0
0.9,0.05,on-demand,2,0,0.0
0.9,0.05,reactive-lru,2,0.912,0.0
0.9,0.05,topic,2,0.938,0.124
0.9,0.05,oracle,2,1,0.0
0.9,0.05,on-demand,3,0,0.0
0.9,0.05,reactive-lru,3,0.914,0.0
0.9,0.05,topic,3,0.968,0.23
0.9,0.05,oracle,3,1,0.0
0.2,0.2,on-demand,1,0,0.0
0.2,0.2,reactive-lru,1,0.277,0.0
0.2,0.2,topic,1,0.277,0.0
0.2,0.2,oracle,1,1,0.0
0.2,0.2,on-demand,2,0,0.0
0.2,0.2,reactive-lru,2,0.371,0.0
0.2,0.2,topic,2,0.457,0.461
0.2,0.2,oracle,2,1,0.0
0.2,0.2,on-demand,3,0,0.0
0.2,0.2,reactive-lru,3,0.446,0.0
0.2,0.2,topic,3,0.629,0.785
0.2,0.2,oracle,3,1,0.0
