k,baseline,tier,base_mean,topic_mean,saved_mean_ms,ci_lo,ci_hi,saved_mean_pct,base_med,topic_med,saved_med_pct
1,reactive-lru-k1,reload,33.85,34.99,-1.14,-2.25,-0.03,-3.38,21.77,21.69,0.38
1,reactive-lru-k1,recompute,48.79,49.59,-0.81,-2.39,0.78,-1.65,42.75,42.66,0.2
1,on-demand-k1,reload,34.4,34.99,-0.59,-2.12,0.86,-1.72,22.03,21.69,1.53
1,on-demand-k1,recompute,71.96,49.59,22.36,18.09,27.18,31.08,45.77,42.66,6.78
2,reactive-lru-k2,reload,33.31,34.21,-0.9,-2.36,0.42,-2.71,21.48,21.69,-0.96
2,reactive-lru-k2,recompute,46.7,43.78,2.91,1.21,4.65,6.24,42.01,32.1,23.57
2,on-demand-k1,reload,34.4,34.21,0.19,-1.52,1.96,0.54,22.03,21.69,1.52
2,on-demand-k1,recompute,71.96,43.78,28.17,23.34,33.46,39.15,45.77,32.1,29.85
3,reactive-lru-k3,reload,32.78,33.31,-0.53,-1.51,0.43,-1.63,21.69,21.45,1.09
3,reactive-lru-k3,recompute,44.48,35.84,8.65,6.37,11.23,19.43,41.14,21.93,46.71
3,on-demand-k1,reload,34.4,33.31,1.09,-0.44,2.66,3.16,22.03,21.45,2.61
3,on-demand-k1,recompute,71.96,35.84,36.12,30.18,42.56,50.19,45.77,21.93,52.09
