cfg,hit,wasted_frac,prefetch_MB,reload_med,reload_mean,reload_p90,recompute_med,recompute_mean,recompute_p90
reactive-lru-k2,0.643,,0.0,21.484,33.31,64.417,42.008,46.699,97.812
oracle-k2,1.0,0.0,2039.796,21.357,33.112,66.573,21.357,33.112,66.573
topic-k2,0.743,0.676,1686.651,21.69,34.213,67.934,32.105,43.784,86.278
on-demand-k1,0.0,,0.0,22.025,34.398,66.436,45.767,71.956,137.63
reactive-lru-k3,0.68,,0.0,21.687,32.779,60.723,41.143,44.483,93.18
topic-k3,0.934,0.596,2993.357,21.451,33.313,67.461,21.925,35.838,68.223
oracle-k1,1.0,0.0,2039.796,21.124,33.855,67.959,21.124,33.855,67.959
reactive-lru-k1,0.602,,0.0,21.769,33.845,66.063,42.745,48.789,102.853
topic-k1,0.602,,0.0,21.687,34.989,71.045,42.662,49.594,108.035
oracle-k3,1.0,0.0,2039.796,21.329,33.557,66.7,21.329,33.557,66.7
all-resident-k8,1.0,0.488,3018.916,21.319,33.006,64.714,21.319,33.006,64.714
