method,k,hit_rate,wasted,prefetch_mb_total,prefetch_events,ttft_reload_median,ttft_reload_mean,ttft_reload_p90,ttft_recompute_median,ttft_recompute_mean,ttft_recompute_p90
on-demand,1,0,0,0.0,0,50.2,53.35,72.94,109.55,109.91,141.34
reactive-lru,1,0.6022727272727273,0,0.0,0,49.88,50.0,76.53,57.75,73.14,138.82
topic,1,0.6022727272727273,0,0.0,0,22.85,37.73,75.07,43.68,52.64,110.15
oracle,1,1,0,2039.8,215,56.79,59.46,81.08,56.79,59.46,81.08
reactive-lru,2,0.6431818181818182,0,0.0,0,58.83,60.85,84.41,72.87,84.44,143.22
topic,2,0.7431818181818182,121,1686.7,179,58.71,60.67,84.12,67.87,77.99,136.3
oracle,2,1,0,2039.8,215,55.17,57.82,80.05,55.17,57.82,80.05
reactive-lru,3,0.6795454545454546,0,0.0,0,52.74,57.03,79.04,63.95,77.31,133.21
topic,3,0.9340909090909091,189,2993.4,200,46.85,48.66,77.04,47.87,52.66,81.85
oracle,3,1,0,2039.8,215,20.26,24.93,33.37,20.26,24.93,33.37
all-resident,8,1,156,3018.9,40,19.93,20.17,21.45,19.93,20.17,21.45
